ID,Politician,Party,Stance,Naming_Form
1005463720015917061,Alexander Gauland,AfD/Petry,neither,LN
1009798817066176513,Alexander Gauland,AfD/Petry,positive,TLN
1006952234972794880,Alexander Gauland,AfD/Petry,positive,TLN
1015241077501190151,Alexander Gauland,AfD/Petry,positive,FNLN
1013513338595282945,Alexander Gauland,AfD/Petry,positive,FNLN
1012980163758493697,Alexander Gauland,AfD/Petry,negative,LN
1003747246725353477,Alexander Gauland,AfD/Petry,negative,LN
1008954009862930434,Alexander Gauland,AfD/Petry,negative,LN
1004108991637704704,Alexander Gauland,AfD/Petry,negative,LN
1016253294325452800,Alexander Gauland,AfD/Petry,positive,LN
1012967581702148096,Alexander Gauland,AfD/Petry,negative,LN
1003647138423853056,Alexander Gauland,AfD/Petry,neither,TLN
1003611793850339328,Alexander Gauland,AfD/Petry,neither,LN
1010803762175279104,Alexander Gauland,AfD/Petry,positive,TLN
1008685493104599040,Alexander Gauland,AfD/Petry,positive,TLN
1004686420634689536,Alexander Gauland,AfD/Petry,positive,TLN
1003746609774125056,Alexander Gauland,AfD/Petry,negative,TLN
1003906222087704577,Alexander Gauland,AfD/Petry,positive,LN
1005189516762771458,Alexander Gauland,AfD/Petry,positive,TLN
1004615463253561345,Alexander Gauland,AfD/Petry,negative,LN
1003632734571548672,Alexander Gauland,AfD/Petry,negative,FNLN
1004047037070020608,Alexander Gauland,AfD/Petry,negative,LN
1011001976514121730,Alexander Gauland,AfD/Petry,negative,LN
1009038124918427648,Alexander Gauland,AfD/Petry,neither,TLN
1014226079010181120,Alexander Gauland,AfD/Petry,negative,LN
1010582246754013185,Alexander Gauland,AfD/Petry,negative,FNLN
1015177102268751872,Alexander Gauland,AfD/Petry,neither,LN
1007574422184701954,Alexander Gauland,AfD/Petry,negative,LN
1004887955645878272,Alexander Gauland,AfD/Petry,positive,TLN
1008717865036500995,Alexander Gauland,AfD/Petry,positive,TLN
1006140898680418304,Alexander Gauland,AfD/Petry,positive,TLN
1006885701835788288,Alexander Gauland,AfD/Petry,positive,LN
1004295111885369344,Alexander Gauland,AfD/Petry,neither,FNLN
1013045787624923137,Alexander Gauland,AfD/Petry,positive,FNLN
1013033138216415234,Alexander Gauland,AfD/Petry,neither,FNLN
1013020576812879872,Alexander Gauland,AfD/Petry,positive,LN
1018161538153279488,Alexander Gauland,AfD/Petry,positive,TLN
1010694765606850561,Alexander Gauland,AfD/Petry,positive,TLN
1003602941650046976,Alexander Gauland,AfD/Petry,positive,TLN
1018525636661534720,Alexander Gauland,AfD/Petry,negative,LN
1004278753676185600,Alexander Gauland,AfD/Petry,negative,LN
1016369099365126145,Alexander Gauland,AfD/Petry,positive,TLN
1009849904133492736,Alexander Gauland,AfD/Petry,positive,LN
1013804965947723776,Alexander Gauland,AfD/Petry,neither,LN
1013001236143050752,Alexander Gauland,AfD/Petry,positive,TLN
1010805817786892288,Alexander Gauland,AfD/Petry,positive,TLN
1003975510085591040,Alexander Gauland,AfD/Petry,negative,LN
1004292268759633921,Alexander Gauland,AfD/Petry,neither,LN
1019525577630474240,Alexander Gauland,AfD/Petry,positive,TLN
1004031188988674048,Alexander Gauland,AfD/Petry,negative,LN
1013050482896572416,Alexander Gauland,AfD/Petry,negative,LN
1013113096540483585,Alexander Gauland,AfD/Petry,negative,FNLN
1004356749003051013,Alexander Gauland,AfD/Petry,negative,LN
1005037997233000448,Alexander Gauland,AfD/Petry,negative,LN
1013067433362542593,Alexander Gauland,AfD/Petry,positive,TLN
1010881850506711041,Alexander Gauland,AfD/Petry,negative,LN
1014476656696811520,Alexander Gauland,AfD/Petry,neither,LN
1017787204620423168,Alexander Gauland,AfD/Petry,positive,TLN
1017057965709365249,Alexander Gauland,AfD/Petry,positive,TLN
1013353124885598208,Alexander Gauland,AfD/Petry,negative,LN
1018346047553359872,Alexander Gauland,AfD/Petry,negative,TLN
1009062923640147969,Alexander Gauland,AfD/Petry,neither,TLN
1013064735317811200,Alexander Gauland,AfD/Petry,negative,LN
1006590009166753797,Alexander Gauland,AfD/Petry,positive,FNLN
1013052229757087744,Alexander Gauland,AfD/Petry,positive,TLN
1009854147351457799,Alexander Gauland,AfD/Petry,negative,FNLN
1004024337131868160,Alexander Gauland,AfD/Petry,negative,LN
1003962692871344128,Alexander Gauland,AfD/Petry,positive,TLN
1014583773923602432,Alexander Gauland,AfD/Petry,positive,TLN
1014541739447803906,Alexander Gauland,AfD/Petry,positive,TLN
1012238616049995776,Alexander Gauland,AfD/Petry,negative,LN
1015572774071492608,Alexander Gauland,AfD/Petry,positive,FNLN
1009063693185929216,Alexander Gauland,AfD/Petry,neither,TLN
1003999605980360705,Alexander Gauland,AfD/Petry,negative,TLN
1013133605269368835,Alexander Gauland,AfD/Petry,negative,LN
1004135916074610689,Alexander Gauland,AfD/Petry,positive,LN
1006917453929119744,Alexander Gauland,AfD/Petry,positive,TLN
1014476426496610304,Alexander Gauland,AfD/Petry,positive,TLN
1005483649452728320,Alexander Gauland,AfD/Petry,neither,FNLN
1013882093254905856,Alexander Gauland,AfD/Petry,neither,TLN
1012979566007275521,Alexander Gauland,AfD/Petry,negative,LN
1012698782863986688,Alexander Gauland,AfD/Petry,neither,LN
1004861455680921600,Alexander Gauland,AfD/Petry,negative,LN
1013376374495735811,Alexander Gauland,AfD/Petry,positive,TLN
1004291587982155776,Alexander Gauland,AfD/Petry,negative,FNLN
1014502803987890177,Alexander Gauland,AfD/Petry,positive,TFNLN
1007740497295749121,Alexander Gauland,AfD/Petry,neither,TLN
1003639179660709888,Alexander Gauland,AfD/Petry,neither,LN
1013049716966387712,Alexander Gauland,AfD/Petry,negative,LN
1005435091429060608,Alexander Gauland,AfD/Petry,negative,TLN
1006051900641435648,Alexander Gauland,AfD/Petry,negative,TLN
1003696290549714949,Alexander Gauland,AfD/Petry,negative,FNLN
1004333802905272320,Alexander Gauland,AfD/Petry,positive,TLN
1003686898982883329,Alexander Gauland,AfD/Petry,negative,LN
1004677116657655808,Alexander Gauland,AfD/Petry,positive,TLN
1005039221156073472,Alexander Gauland,AfD/Petry,positive,TLN
1019221462677446657,Alexander Gauland,AfD/Petry,positive,TLN
1004273931556216832,Alexander Gauland,AfD/Petry,negative,LN
1012980756849807363,Alexander Gauland,AfD/Petry,positive,LN
1014445954156593152,Alexander Gauland,AfD/Petry,positive,LN
1003983668329795585,Alexander Gauland,AfD/Petry,negative,LN
1012426385221210113,Alice Weidel,AfD/Petry,positive,LN
1017415160007233543,Alexander Gauland,AfD/Petry,negative,LN
1008443195766779905,Alice Weidel,AfD/Petry,negative,TLN
1011874810043994112,Alice Weidel,AfD/Petry,positive,FNLN
1018895692650205188,Alice Weidel,AfD/Petry,negative,TLN
1018165417171410944,Alice Weidel,AfD/Petry,neither,TFNLN
1018775440444542976,Alice Weidel,AfD/Petry,negative,TLN
1016321153214926849,Alice Weidel,AfD/Petry,negative,TLN
1014162824501882880,Alice Weidel,AfD/Petry,positive,LN
1014440722722902016,Jörg Meuthen,AfD/Petry,negative,LN
1004972950938963969,Alice Weidel,AfD/Petry,positive,TFNLN
1005060579311128577,Alice Weidel,AfD/Petry,positive,TFNLN
1011892293954097152,Sahra Wagenknecht,Die Linke,neither,LN
1006894723552894978,Jörg Meuthen,AfD/Petry,positive,TFNLN
1010635681905958916,Alice Weidel,AfD/Petry,positive,LN
1010251844436754438,Alice Weidel,AfD/Petry,positive,LN
1005517827468660736,Alice Weidel,AfD/Petry,neither,LN
1007950333165932544,Gregor Gysi,Die Linke,negative,TFNLN
1005736074885451776,Jörg Meuthen,AfD/Petry,positive,TFNLN
1006544908604321793,Alice Weidel,AfD/Petry,negative,FNLN
1018902738997047296,Alice Weidel,AfD/Petry,negative,TLN
1016644259938791424,Alice Weidel,AfD/Petry,positive,FNLN
1014496515128201217,Alice Weidel,AfD/Petry,positive,TFNLN
1014832011582767104,Alice Weidel,AfD/Petry,negative,LN
1006600569249644545,Alice Weidel,AfD/Petry,neither,TFNLN
1016379255226281986,Alice Weidel,AfD/Petry,positive,TLN
1004437250422263808,Jörg Meuthen,AfD/Petry,negative,TFNLN
1009344761004806144,Alice Weidel,AfD/Petry,positive,LN
1015263280187703301,Alice Weidel,AfD/Petry,negative,TLN
1017466591116779520,Alice Weidel,AfD/Petry,negative,LN
1009851986550894592,Alice Weidel,AfD/Petry,positive,LN
1014558474057994240,Alice Weidel,AfD/Petry,positive,TFNLN
1004933441262104577,Alice Weidel,AfD/Petry,positive,LN
1005373499056238597,Gregor Gysi,Die Linke,positive,FNLN
1011731557986525184,Alice Weidel,AfD/Petry,negative,TLN
1018297220481867776,Alice Weidel,AfD/Petry,positive,TFNLN
1009445141210451968,Robert Habeck,Bündnis 90/Die Grünen,negative,LN
1018955583599316992,Alice Weidel,AfD/Petry,negative,FNLN
1014421790154723329,Alice Weidel,AfD/Petry,positive,LN
1019481910949634049,Alice Weidel,AfD/Petry,negative,LN
1007267070382432256,Jörg Meuthen,AfD/Petry,positive,TFNLN
1017312746625433600,Alice Weidel,AfD/Petry,negative,LN
1004811132807401472,Alice Weidel,AfD/Petry,positive,TLN
1019195145110073349,Jörg Meuthen,AfD/Petry,neither,LN
1004926629469147136,Alice Weidel,AfD/Petry,positive,LN
1017730356047474688,Jörg Meuthen,AfD/Petry,neither,TLN
1015245791127064576,Robert Habeck,Bündnis 90/Die Grünen,positive,LN
1014790053980229633,Alice Weidel,AfD/Petry,positive,TLN
1007848019956584448,Alice Weidel,AfD/Petry,positive,TFNLN
1012233383823454209,Jörg Meuthen,AfD/Petry,negative,LN
1011193763329437696,Sahra Wagenknecht,Die Linke,negative,LN
1005773496872513536,Sahra Wagenknecht,Die Linke,negative,LN
1018741159152308224,Sahra Wagenknecht,Die Linke,positive,TFNLN
1019512615880613889,Alice Weidel,AfD/Petry,negative,LN
1015131178435862529,Alice Weidel,AfD/Petry,positive,FNLN
1003676332574822401,Alice Weidel,AfD/Petry,neither,TLN
1019509209317199872,Alice Weidel,AfD/Petry,negative,LN
1013085858956828673,Jörg Meuthen,AfD/Petry,negative,LN
1014527238845411328,Alice Weidel,AfD/Petry,negative,LN
1009116757691371527,Alice Weidel,AfD/Petry,negative,LN
1012366729354338306,Alice Weidel,AfD/Petry,negative,TLN
1014194917013426177,Alice Weidel,AfD/Petry,neither,TFNLN
1013026752145260544,Alice Weidel,AfD/Petry,positive,TLN
1013919664571904000,Jörg Meuthen,AfD/Petry,negative,LN
1015160238574637056,Alice Weidel,AfD/Petry,positive,TFNLN
1014584814945689603,Frauke Petry,AfD/Petry,neither,TFNLN
1008921913459200001,Alice Weidel,AfD/Petry,positive,TLN
1006650420603772928,Alice Weidel,AfD/Petry,positive,TLN
1011873426246643712,Jörg Meuthen,AfD/Petry,positive,TFNLN
1011308218449121280,Alice Weidel,AfD/Petry,negative,TFNLN
1005133544744726528,Alice Weidel,AfD/Petry,neither,FNLN
1014163774486470658,Jörg Meuthen,AfD/Petry,positive,TFNLN
1017445074299482112,Alice Weidel,AfD/Petry,negative,TLN
1013103723835518976,Robert Habeck,Bündnis 90/Die Grünen,positive,FNLN
1007174661908647936,Alice Weidel,AfD/Petry,negative,TLN
1004315529253965824,Anton Hofreiter,Bündnis 90/Die Grünen,negative,FNLN
1009689851493601280,Robert Habeck,Bündnis 90/Die Grünen,negative,LN
1007608244922183680,Frauke Petry,AfD/Petry,neither,LN
1014289959115808768,Alice Weidel,AfD/Petry,negative,TLN
1004799221877366785,Alice Weidel,AfD/Petry,positive,LN
1014886694670225408,Jörg Meuthen,AfD/Petry,positive,TFNLN
1005027596533452800,Gregor Gysi,Die Linke,positive,FNLN
1010511506151235585,Alice Weidel,AfD/Petry,negative,LN
1011318983759400960,Alice Weidel,AfD/Petry,negative,TLN
1005141840683765760,Alice Weidel,AfD/Petry,negative,TLN
1013283968542703617,Jörg Meuthen,AfD/Petry,neither,TFNLN
1013070558831968256,Jörg Meuthen,AfD/Petry,positive,FNLN
1006866170866208769,Alice Weidel,AfD/Petry,positive,LN
1007326740715393025,Alice Weidel,AfD/Petry,negative,LN
1005163960046415874,Jörg Meuthen,AfD/Petry,negative,LN
1019624302210158598,Jörg Meuthen,AfD/Petry,neither,TFNLN
1006783266203062272,Alice Weidel,AfD/Petry,negative,TLN
1008653084942323712,Jörg Meuthen,AfD/Petry,positive,TFNLN
1011601216823087107,Alice Weidel,AfD/Petry,negative,LN
1007364834806165504,Alice Weidel,AfD/Petry,positive,LN
1013888396597645314,Jörg Meuthen,AfD/Petry,negative,LN
1006948491413938183,Alice Weidel,AfD/Petry,positive,TFNLN
1006449101729419264,Alice Weidel,AfD/Petry,negative,LN
1014429404087439366,Alice Weidel,AfD/Petry,neither,TFNLN
1003899201716187143,Sahra Wagenknecht,Die Linke,negative,FNLN
1005288684537696256,Alice Weidel,AfD/Petry,negative,TLN
1012020574451838977,Alice Weidel,AfD/Petry,negative,TLN
1007427871340744705,Jörg Meuthen,AfD/Petry,neither,TFNLN
1013895820511457281,Alice Weidel,AfD/Petry,negative,TLN
1012426601798225921,Alice Weidel,AfD/Petry,negative,LN
1005579698427039744,Frauke Petry,AfD/Petry,positive,TFNLN
1014460233463353345,Alice Weidel,AfD/Petry,positive,TLN
1016326930856075264,Alice Weidel,AfD/Petry,positive,TFNLN
1007364921842110467,Alice Weidel,AfD/Petry,negative,LN
1011712336736989184,Jörg Meuthen,AfD/Petry,negative,LN
1010469233225068544,Jörg Meuthen,AfD/Petry,positive,TFNLN
1013689498117517312,Jörg Meuthen,AfD/Petry,negative,LN
1011287197402755073,Alice Weidel,AfD/Petry,negative,LN
1016613040303890432,Alice Weidel,AfD/Petry,negative,TLN
1014226449786703874,Alice Weidel,AfD/Petry,negative,FNLN
1010217459524227072,Jörg Meuthen,AfD/Petry,neither,TFNLN
1014910587296518144,Jörg Meuthen,AfD/Petry,negative,LN
1010205542311256064,Alice Weidel,AfD/Petry,negative,TLN
1007514609115435008,Alice Weidel,AfD/Petry,positive,LN
1009521596367888384,Alice Weidel,AfD/Petry,negative,LN
1016225277133905921,Jörg Meuthen,AfD/Petry,neither,TFNLN
1010093173836828672,Alice Weidel,AfD/Petry,negative,LN
1012374182821326848,Alice Weidel,AfD/Petry,negative,TLN
1016594493787770882,Alice Weidel,AfD/Petry,positive,LN
1018645909499011073,Jörg Meuthen,AfD/Petry,neither,TFNLN
1012380480895946752,Sahra Wagenknecht,Die Linke,positive,TLN
1015601986354532352,Alice Weidel,AfD/Petry,negative,LN
1004824238233145345,Alice Weidel,AfD/Petry,positive,TFNLN
1009107583960076289,Alice Weidel,AfD/Petry,negative,FNLN
1006866715035291648,Alice Weidel,AfD/Petry,negative,LN
1016357297990373377,Alice Weidel,AfD/Petry,neither,LN
1008910591988256768,Alice Weidel,AfD/Petry,negative,FNLN
1009049617835667456,Alice Weidel,AfD/Petry,negative,LN
1014740062888751104,Jörg Meuthen,AfD/Petry,positive,LN
1018854954650537985,Alice Weidel,AfD/Petry,negative,TLN
1006536776398168064,Gregor Gysi,Die Linke,neither,TFNLN
1014529297061744641,Alice Weidel,AfD/Petry,positive,TFNLN
1013339341798674432,Alice Weidel,AfD/Petry,positive,LN
1004809876495917058,Alice Weidel,AfD/Petry,negative,TLN
1003883594010517504,Sahra Wagenknecht,Die Linke,positive,LN
1005868481609437184,Jörg Meuthen,AfD/Petry,negative,TLN
1005912630991773696,Alice Weidel,AfD/Petry,negative,FNLN
1005151304673619968,Alice Weidel,AfD/Petry,negative,TLN
1011956013103308801,Alice Weidel,AfD/Petry,negative,LN
1007653849870594048,Jörg Meuthen,AfD/Petry,neither,LN
1005951681643900929,Alice Weidel,AfD/Petry,positive,TLN
1010094446401277952,Jörg Meuthen,AfD/Petry,neither,TFNLN
1013063787757305857,Jörg Meuthen,AfD/Petry,positive,TFNLN
1014408975197106176,Alice Weidel,AfD/Petry,negative,TLN
1007187619078377472,Alice Weidel,AfD/Petry,positive,TFNLN
1010066539763175425,Alice Weidel,AfD/Petry,positive,TLN
1007758646695079938,Alice Weidel,AfD/Petry,negative,LN
1008092169641562113,Alice Weidel,AfD/Petry,negative,LN
1014167802205392896,Alice Weidel,AfD/Petry,negative,TLN
1014477620669534208,Alice Weidel,AfD/Petry,positive,TLN
1018901616936833038,Jörg Meuthen,AfD/Petry,negative,LN
1012026519080914955,Frauke Petry,AfD/Petry,negative,FNLN
1011364811114938368,Alice Weidel,AfD/Petry,negative,LN
1007896128724066304,Jörg Meuthen,AfD/Petry,neither,LN
1014978956595007488,Alice Weidel,AfD/Petry,positive,TFNLN
1014928920943185920,Robert Habeck,Bündnis 90/Die Grünen,negative,LN
1005800606584524800,Alice Weidel,AfD/Petry,neither,FNLN
1007269784776474624,Alice Weidel,AfD/Petry,positive,TFNLN
1018734151900565506,Alice Weidel,AfD/Petry,positive,TFNLN
1004711661398364161,Robert Habeck,Bündnis 90/Die Grünen,negative,FNLN
1009486154494873600,Alice Weidel,AfD/Petry,positive,TLN
1005838361490284549,Sahra Wagenknecht,Die Linke,positive,LN
1014562708006539265,Alice Weidel,AfD/Petry,negative,TLN
1005073138730795008,Alice Weidel,AfD/Petry,negative,TLN
1016663059585228803,Alice Weidel,AfD/Petry,neither,TFNLN
1009874435774517249,Alice Weidel,AfD/Petry,positive,FNLN
1009711382143688704,Alice Weidel,AfD/Petry,negative,LN
1014897678759677952,Alice Weidel,AfD/Petry,neither,FNLN
1005825382895976448,Alice Weidel,AfD/Petry,negative,TLN
1011643899033645057,Alice Weidel,AfD/Petry,positive,TFNLN
1019121792181571585,Alice Weidel,AfD/Petry,negative,TLN
1012557814508777474,Alice Weidel,AfD/Petry,negative,LN
1014506965119225856,Alice Weidel,AfD/Petry,positive,TLN
1005216986786299905,Sahra Wagenknecht,Die Linke,positive,FNLN
1007137904135729152,Alice Weidel,AfD/Petry,negative,LN
1008982781370818562,Jörg Meuthen,AfD/Petry,neither,TLN
1015707696715231232,Alice Weidel,AfD/Petry,negative,LN
1013812751100243971,Alice Weidel,AfD/Petry,negative,LN
1007191660089040896,Jörg Meuthen,AfD/Petry,negative,TFNLN
1013829743261704195,Alice Weidel,AfD/Petry,negative,TLN
1016664619098804224,Alice Weidel,AfD/Petry,negative,LN
1005057737179435009,Alice Weidel,AfD/Petry,negative,LN
1014149654135664640,Alice Weidel,AfD/Petry,negative,TLN
1014997161447247872,Alice Weidel,AfD/Petry,negative,TLN
1017930611586150405,Alice Weidel,AfD/Petry,negative,TLN
1013373465003470848,Alice Weidel,AfD/Petry,positive,TLN
1004623532121382917,Jörg Meuthen,AfD/Petry,positive,LN
1006177658965757953,Jörg Meuthen,AfD/Petry,negative,LN
1005403391265312768,Alice Weidel,AfD/Petry,negative,LN
1016742233335312384,Alice Weidel,AfD/Petry,negative,TLN
1010217194096091136,Jörg Meuthen,AfD/Petry,positive,TLN
1014910417989177344,Alice Weidel,AfD/Petry,positive,TLN
1006160282085986304,Alice Weidel,AfD/Petry,negative,TLN
1014918825777795072,Alexander Gauland,AfD/Petry,negative,LN
1005130140135907328,Alice Weidel,AfD/Petry,negative,LN
1011621597067792390,Alice Weidel,AfD/Petry,negative,LN
1014574163711979528,Alice Weidel,AfD/Petry,positive,LN
1007543897021698048,Alice Weidel,AfD/Petry,negative,LN
1005054050851844096,Alice Weidel,AfD/Petry,negative,TFNLN
1010230656855674882,Jörg Meuthen,AfD/Petry,positive,TLN
1013308647974359040,Alice Weidel,AfD/Petry,negative,TLN
1017768705999228933,Alice Weidel,AfD/Petry,negative,LN
1011400294788423680,Alice Weidel,AfD/Petry,negative,LN
1015293485077889024,Jörg Meuthen,AfD/Petry,neither,TFNLN
1014480185498963968,Alice Weidel,AfD/Petry,negative,LN
1016439514317901825,Sahra Wagenknecht,Die Linke,positive,TFNLN
1014452998108598274,Alice Weidel,AfD/Petry,positive,TFNLN
1016495738338017280,Frauke Petry,AfD/Petry,positive,TFNLN
1018230951976062976,Jörg Meuthen,AfD/Petry,positive,LN
1005475583302696960,Alice Weidel,AfD/Petry,neither,LN
1013464096686116864,Alice Weidel,AfD/Petry,positive,TFNLN
1016000977764306945,Alice Weidel,AfD/Petry,negative,FNLN
1007177306807382016,Alice Weidel,AfD/Petry,negative,LN
1010851305693306880,Alice Weidel,AfD/Petry,neither,TLN
1013329471422820352,Alice Weidel,AfD/Petry,negative,LN
1017692131975102464,Jörg Meuthen,AfD/Petry,positive,TLN
1003593422698098688,Alice Weidel,AfD/Petry,neither,LN
1017815583780458498,Alice Weidel,AfD/Petry,negative,TLN
1019216450538627072,Alice Weidel,AfD/Petry,negative,TLN
1013527228641050624,Jörg Meuthen,AfD/Petry,negative,LN
1005788974445744128,Jörg Meuthen,AfD/Petry,positive,TLN
1013170525651206144,Jörg Meuthen,AfD/Petry,negative,LN
1006463200693489664,Alice Weidel,AfD/Petry,negative,LN
1015123206926200839,Alice Weidel,AfD/Petry,positive,TFNLN
1013081636039266305,Alice Weidel,AfD/Petry,positive,FNLN
1009741425888636929,Robert Habeck,Bündnis 90/Die Grünen,negative,LN
1013333357990699008,Jörg Meuthen,AfD/Petry,negative,LN
1014486588741611520,Alice Weidel,AfD/Petry,neither,TLN
1019119152387280896,Robert Habeck,Bündnis 90/Die Grünen,positive,LN
1013065003090567169,Alice Weidel,AfD/Petry,neither,LN
1005056317185314816,Sahra Wagenknecht,Die Linke,negative,FNLN
1018866960636022785,Jörg Meuthen,AfD/Petry,negative,LN
1008722202932535296,Alice Weidel,AfD/Petry,negative,FNLN
1013882645187629056,Alice Weidel,AfD/Petry,positive,TLN
1014840399368802304,Alice Weidel,AfD/Petry,positive,FNLN
1013091055531692032,Alice Weidel,AfD/Petry,negative,LN
1014413185850494976,Alice Weidel,AfD/Petry,neither,TFNLN
1014600451084431362,Alice Weidel,AfD/Petry,negative,LN
1011202489637580800,Jörg Meuthen,AfD/Petry,negative,TLN
1013722322124099585,Alice Weidel,AfD/Petry,negative,TLN
1007191007795073024,Alice Weidel,AfD/Petry,negative,FNLN
1005071592056029184,Jörg Meuthen,AfD/Petry,positive,LN
1006216037652627456,Alice Weidel,AfD/Petry,negative,LN
1006080875644284928,Robert Habeck,Bündnis 90/Die Grünen,neither,FNLN
1006481904248516608,Robert Habeck,Bündnis 90/Die Grünen,neither,FNLN
1012879191858130944,Alice Weidel,AfD/Petry,negative,TLN
1009812903829090304,Alice Weidel,AfD/Petry,positive,LN
1018881902512672768,Jörg Meuthen,AfD/Petry,negative,LN
1014540655408898048,Alice Weidel,AfD/Petry,positive,FNLN
1014188825541738497,Alice Weidel,AfD/Petry,negative,TLN
1017506963003932673,Frauke Petry,AfD/Petry,positive,TFNLN
1006263586908524555,Alice Weidel,AfD/Petry,negative,TFNLN
1011554682039304192,Alice Weidel,AfD/Petry,neither,TFNLN
1003948256135712768,Alice Weidel,AfD/Petry,positive,TFNLN
1014560494001246208,Alice Weidel,AfD/Petry,negative,TLN
1014466266768334848,Dietmar Bartsch,Die Linke,negative,LN
1013118529208504321,Jörg Meuthen,AfD/Petry,positive,LN
1004262496738344960,Alice Weidel,AfD/Petry,positive,FNLN
1014587085892849665,Jörg Meuthen,AfD/Petry,negative,LN
1014185095979257856,Alice Weidel,AfD/Petry,negative,TLN
1014820520322363392,Alice Weidel,AfD/Petry,positive,LN
1012014307998142464,Alice Weidel,AfD/Petry,negative,FNLN
1011294042225721344,Alice Weidel,AfD/Petry,neither,TFNLN
1006644095203336193,Robert Habeck,Bündnis 90/Die Grünen,neither,TFNLN
1013457118207381505,Jörg Meuthen,AfD/Petry,positive,TFNLN
1011323780961112064,Alice Weidel,AfD/Petry,negative,TLN
1003663824472469505,Alice Weidel,AfD/Petry,negative,TLN
1019164081733816320,Robert Habeck,Bündnis 90/Die Grünen,neither,FNLN
1003869570640306176,Simone Peter,Bündnis 90/Die Grünen,neither,FNLN
1014457145323122689,Alice Weidel,AfD/Petry,negative,LN
1006861458225934336,Alice Weidel,AfD/Petry,neither,LN
1016526056524836865,Alice Weidel,AfD/Petry,positive,TLN
1012329053368569856,Alice Weidel,AfD/Petry,positive,LN
1004974297662808064,Alice Weidel,AfD/Petry,negative,FNLN
1014558496677916674,Alice Weidel,AfD/Petry,negative,TFNLN
1008725746242785280,Alice Weidel,AfD/Petry,positive,TFNLN
1009867095620898816,Alice Weidel,AfD/Petry,negative,TLN
1005051616897196033,Jörg Meuthen,AfD/Petry,positive,TFNLN
1008435815859523584,Alice Weidel,AfD/Petry,negative,TLN
1005752874561728513,Alice Weidel,AfD/Petry,positive,TFNLN
1016041876791726081,Jörg Meuthen,AfD/Petry,neither,TFNLN
1011259083477934081,Alice Weidel,AfD/Petry,negative,LN
1011492043011645440,Alice Weidel,AfD/Petry,negative,LN
1011981533085863936,Alice Weidel,AfD/Petry,negative,LN
1014412476128137216,Alice Weidel,AfD/Petry,positive,TFNLN
1019118261676462080,Alice Weidel,AfD/Petry,positive,FNLN
1008828508032917505,Alice Weidel,AfD/Petry,negative,LN
1009123880634585093,Alice Weidel,AfD/Petry,neither,TLN
1017105849007951872,Alice Weidel,AfD/Petry,negative,TFNLN
1013512825547968512,Jörg Meuthen,AfD/Petry,negative,TLN
1013852274114875392,Alice Weidel,AfD/Petry,negative,FNLN
1005033922655383552,Frauke Petry,AfD/Petry,negative,FNLN
1008932701414608901,Alice Weidel,AfD/Petry,negative,LN
1013156848889946112,Jörg Meuthen,AfD/Petry,negative,LN
1007526832365858816,Alice Weidel,AfD/Petry,negative,TFNLN
1014755445666349057,Anton Hofreiter,Bündnis 90/Die Grünen,positive,TFNLN
1004321099335852032,Alice Weidel,AfD/Petry,positive,TFNLN
1014160372486606848,Alice Weidel,AfD/Petry,positive,TFNLN
1008955806388277248,Jörg Meuthen,AfD/Petry,negative,LN
1013025251381469184,Alice Weidel,AfD/Petry,neither,LN
1013103467878109185,Alice Weidel,AfD/Petry,neither,LN
1014840696107302912,Jörg Meuthen,AfD/Petry,negative,TFNLN
1015330188585000963,Alice Weidel,AfD/Petry,negative,TLN
1014858679969972224,Alice Weidel,AfD/Petry,negative,LN
1004955223243272192,Alice Weidel,AfD/Petry,positive,LN
1013807492063735810,Alice Weidel,AfD/Petry,positive,TFNLN
1003710034931601408,Alice Weidel,AfD/Petry,positive,TFNLN
1018894521206280197,Jörg Meuthen,AfD/Petry,negative,LN
1014469997404487682,Alice Weidel,AfD/Petry,neither,LN
1018945207516135424,Alice Weidel,AfD/Petry,negative,LN
1014592019770077184,Alice Weidel,AfD/Petry,negative,LN
1007248590299893760,Anton Hofreiter,Bündnis 90/Die Grünen,negative,LN
1016029056368816128,Robert Habeck,Bündnis 90/Die Grünen,neither,FNLN
1005384425453096960,Jörg Meuthen,AfD/Petry,negative,TFNLN
1014848879689392129,Jörg Meuthen,AfD/Petry,negative,LN
1005037027748995072,Alice Weidel,AfD/Petry,positive,TLN
1007332713106497536,Alice Weidel,AfD/Petry,positive,LN
1010608348193017856,Jörg Meuthen,AfD/Petry,positive,TFNLN
1011350386488332290,Alice Weidel,AfD/Petry,positive,TFNLN
1008906542928756736,Alice Weidel,AfD/Petry,negative,FNLN
1011628026638020608,Alice Weidel,AfD/Petry,negative,LN
1005014394575745024,Alice Weidel,AfD/Petry,positive,FNLN
1016989101910831104,Alice Weidel,AfD/Petry,negative,LN
1018891269072936966,Jörg Meuthen,AfD/Petry,neither,LN
1004932698622881792,Alice Weidel,AfD/Petry,positive,LN
1011738916288974848,Alice Weidel,AfD/Petry,negative,TLN
1014533246216962048,Frauke Petry,AfD/Petry,negative,TFNLN
1005050354407497728,Alice Weidel,AfD/Petry,negative,TFNLN
1006452290922975232,Alice Weidel,AfD/Petry,negative,TLN
1007311727585882114,Alice Weidel,AfD/Petry,positive,LN
1004324881964634112,Gregor Gysi,Die Linke,positive,FNLN
1014766037450002432,Alice Weidel,AfD/Petry,negative,LN
1007203957289017345,Jörg Meuthen,AfD/Petry,positive,TFNLN
1009525859022180355,Jörg Meuthen,AfD/Petry,negative,LN
1007528552105955328,Jörg Meuthen,AfD/Petry,positive,TFNLN
1006670030023643136,Alice Weidel,AfD/Petry,negative,LN
1007920279069384704,Alice Weidel,AfD/Petry,negative,FNLN
1014040882235019265,Jörg Meuthen,AfD/Petry,neither,TFNLN
1018127227559534593,Alice Weidel,AfD/Petry,negative,LN
1013740104366600192,Alice Weidel,AfD/Petry,negative,LN
1014987418263486466,Jörg Meuthen,AfD/Petry,negative,LN
1005102929311948801,Alice Weidel,AfD/Petry,negative,LN
1005518666232942592,Alice Weidel,AfD/Petry,negative,LN
1009420884434509825,Simone Peter,Bündnis 90/Die Grünen,neither,TFNLN
1019563516397850625,Alice Weidel,AfD/Petry,negative,TLN
1007635552231985152,Alice Weidel,AfD/Petry,negative,LN
1006193055035207682,Alice Weidel,AfD/Petry,negative,TLN
1010130089755992065,Alice Weidel,AfD/Petry,negative,TLN
1005060467595857920,Gregor Gysi,Die Linke,neither,TFNLN
1007301302412566529,Alice Weidel,AfD/Petry,negative,LN
1013470515326078976,Jörg Meuthen,AfD/Petry,neither,LN
1014291280489271296,Alice Weidel,AfD/Petry,negative,TLN
1009506108518621184,Alice Weidel,AfD/Petry,positive,LN
1014471139194818561,Alice Weidel,AfD/Petry,positive,TFNLN
1011952793287102464,Alice Weidel,AfD/Petry,negative,TFNLN
1009488715469729792,Alice Weidel,AfD/Petry,negative,TLN
1008557091743821824,Sahra Wagenknecht,Die Linke,positive,LN
1004976060713271296,Alice Weidel,AfD/Petry,positive,FNLN
1013426080932343813,Alice Weidel,AfD/Petry,positive,TLN
1008449317080915968,Alice Weidel,AfD/Petry,negative,TLN
1017773458023993344,Alice Weidel,AfD/Petry,negative,TLN
1009430599923392513,Frauke Petry,AfD/Petry,negative,FNLN
1016611056477761536,Alice Weidel,AfD/Petry,positive,TLN
1015326088505982976,Alice Weidel,AfD/Petry,negative,TLN
1013184407497297920,Jörg Meuthen,AfD/Petry,positive,LN
1019679785516195842,Alice Weidel,AfD/Petry,negative,TLN
1013692349933858816,Alice Weidel,AfD/Petry,negative,TLN
1013068222663454720,Jörg Meuthen,AfD/Petry,negative,LN
1007566859552673792,Sahra Wagenknecht,Die Linke,negative,LN
1005814426379964416,Alice Weidel,AfD/Petry,negative,LN
1014496137116561408,Dietmar Bartsch,Die Linke,positive,FNLN
1009862490891702275,Alice Weidel,AfD/Petry,positive,TLN
1014769167852101632,Jörg Meuthen,AfD/Petry,positive,TFNLN
1006841867143610368,Alice Weidel,AfD/Petry,negative,LN
1009493921339248645,Alice Weidel,AfD/Petry,negative,TLN
1010172214774120448,Sahra Wagenknecht,Die Linke,negative,FNLN
1013057434204672005,Jörg Meuthen,AfD/Petry,positive,TFNLN
1014993259482025984,Alice Weidel,AfD/Petry,positive,TLN
1013011156397625346,Jörg Meuthen,AfD/Petry,negative,LN
1005505393609641985,Jörg Meuthen,AfD/Petry,negative,LN
1015182786574024704,Alice Weidel,AfD/Petry,positive,TLN
1013196330943074304,Jörg Meuthen,AfD/Petry,neither,TFNLN
1019291388691742720,Alice Weidel,AfD/Petry,negative,TLN
1019326791775936512,Jörg Meuthen,AfD/Petry,neither,TFNLN
1004975771679674370,Alice Weidel,AfD/Petry,negative,LN
1007634991386423296,Jörg Meuthen,AfD/Petry,neither,LN
1011294273768214528,Alice Weidel,AfD/Petry,positive,LN
1005050869245759488,Alice Weidel,AfD/Petry,positive,TFNLN
1009085600673263618,Alice Weidel,AfD/Petry,negative,LN
1007263908401434625,Jörg Meuthen,AfD/Petry,positive,TFNLN
1004965222560550912,Alice Weidel,AfD/Petry,positive,TFNLN
1007139091706769409,Alice Weidel,AfD/Petry,negative,TLN
1008017805202116610,Robert Habeck,Bündnis 90/Die Grünen,neither,LN
1009582612824907777,Frauke Petry,AfD/Petry,positive,TFNLN
1019099928520544256,Alice Weidel,AfD/Petry,negative,LN
1012721870431375361,Alice Weidel,AfD/Petry,positive,FNLN
1013529430529060865,Jörg Meuthen,AfD/Petry,negative,LN
1004822280147537920,Alice Weidel,AfD/Petry,positive,TFNLN
1009385298097254401,Alice Weidel,AfD/Petry,positive,TFNLN
1009787534212321280,Jörg Meuthen,AfD/Petry,positive,FNLN
1017125304400302081,Jörg Meuthen,AfD/Petry,negative,LN
1009826724484407296,Alice Weidel,AfD/Petry,negative,TLN
1005361177499709442,Alice Weidel,AfD/Petry,neither,TLN
1010912122405040129,Alice Weidel,AfD/Petry,negative,TLN
1006815141130899458,Alice Weidel,AfD/Petry,negative,LN
1007666697065713664,Robert Habeck,Bündnis 90/Die Grünen,positive,LN
1006080214139572224,Sahra Wagenknecht,Die Linke,neither,FNLN
1007185531300540417,Jörg Meuthen,AfD/Petry,positive,TLN
1017314249511718912,Jörg Meuthen,AfD/Petry,neither,TFNLN
1013734762501033984,Alice Weidel,AfD/Petry,positive,TLN
1008863734352306176,Alice Weidel,AfD/Petry,negative,TLN
1006210398268379137,Jörg Meuthen,AfD/Petry,neither,TFNLN
1009044122739576833,Alice Weidel,AfD/Petry,neither,LN
1009828935796973568,Alice Weidel,AfD/Petry,neither,TLN
1013535763605139456,Jörg Meuthen,AfD/Petry,negative,LN
1003636921598345216,Jörg Meuthen,AfD/Petry,positive,TFNLN
1009359352350863361,Alice Weidel,AfD/Petry,negative,LN
1012656046760976384,Sahra Wagenknecht,Die Linke,neither,FNLN
1014201118304423936,Sahra Wagenknecht,Die Linke,positive,TFNLN
1006838670291275777,Alice Weidel,AfD/Petry,neither,TLN
1006126802450993152,Jörg Meuthen,AfD/Petry,positive,LN
1015122302596460544,Alice Weidel,AfD/Petry,positive,TFNLN
1013153873245163520,Dietmar Bartsch,Die Linke,negative,TLN
1012950756192858112,Alice Weidel,AfD/Petry,negative,LN
1013414343382269953,Jörg Meuthen,AfD/Petry,negative,FNLN
1010069439709052929,Jörg Meuthen,AfD/Petry,positive,TFNLN
1011929384243122176,Alice Weidel,AfD/Petry,negative,LN
1012935832305532928,Alice Weidel,AfD/Petry,negative,LN
1013317484760502272,Jörg Meuthen,AfD/Petry,positive,TFNLN
1013438392275800064,Anton Hofreiter,Bündnis 90/Die Grünen,negative,LN
1006069736545947648,Sahra Wagenknecht,Die Linke,negative,LN
1016492774449909765,Robert Habeck,Bündnis 90/Die Grünen,neither,FNLN
1015933112021286912,Jörg Meuthen,AfD/Petry,negative,LN
1006986923569811458,Alice Weidel,AfD/Petry,negative,LN
1006529731590750208,Alice Weidel,AfD/Petry,neither,TLN
1005835937589465088,Jörg Meuthen,AfD/Petry,neither,TFNLN
1008026583872008192,Alice Weidel,AfD/Petry,negative,LN
1016961398105141248,Alice Weidel,AfD/Petry,positive,FNLN
1007481959252099072,Jörg Meuthen,AfD/Petry,positive,TFNLN
1013054625870696448,Jörg Meuthen,AfD/Petry,neither,TFNLN
1013533707343417350,Jörg Meuthen,AfD/Petry,neither,FNLN
1017077024542875648,Alice Weidel,AfD/Petry,negative,TLN
1003710044108619776,Jörg Meuthen,AfD/Petry,neither,TFNLN
1009760602657624064,Alice Weidel,AfD/Petry,negative,TLN
1017689542701342721,Alice Weidel,AfD/Petry,negative,LN
1010835708469227520,Alice Weidel,AfD/Petry,positive,TLN
1014186637511876608,Alice Weidel,AfD/Petry,negative,LN
1017796551471755266,Alice Weidel,AfD/Petry,negative,TLN
1012644363078393856,Alice Weidel,AfD/Petry,negative,LN
1009097786883756032,Alice Weidel,AfD/Petry,negative,LN
1017817175086845957,Alice Weidel,AfD/Petry,negative,TLN
1015668763759403008,Alice Weidel,AfD/Petry,neither,LN
1005131218810269696,Alice Weidel,AfD/Petry,negative,LN
1010932473730093057,Alice Weidel,AfD/Petry,negative,TLN
1005422252521918464,Alice Weidel,AfD/Petry,negative,LN
1014619261682290689,Alice Weidel,AfD/Petry,positive,TFNLN
1009129762609160192,Alice Weidel,AfD/Petry,negative,FNLN
1014560804249759753,Alice Weidel,AfD/Petry,positive,TFNLN
1009155509302292481,Alice Weidel,AfD/Petry,negative,TLN
1005079172308496384,Jörg Meuthen,AfD/Petry,negative,TFNLN
1005539953449865216,Jörg Meuthen,AfD/Petry,negative,TLN
1013688417891356672,Jörg Meuthen,AfD/Petry,negative,LN
1005032496176787456,Alice Weidel,AfD/Petry,positive,TLN
1013065590792220672,Alice Weidel,AfD/Petry,negative,LN
1016429133981773825,Alice Weidel,AfD/Petry,negative,TLN
1007276265416601603,Alice Weidel,AfD/Petry,neither,FNLN
1006214680883486720,Alice Weidel,AfD/Petry,negative,LN
1006784995007041536,Alice Weidel,AfD/Petry,negative,FNLN
1013190965404848130,Jörg Meuthen,AfD/Petry,neither,TFNLN
1004354639838490624,Frauke Petry,AfD/Petry,negative,TLN
1018905509360033793,Alice Weidel,AfD/Petry,positive,LN
1007569388306825217,Alice Weidel,AfD/Petry,negative,LN
1018758485109026816,Alice Weidel,AfD/Petry,negative,FNLN
1006391849727250432,Alice Weidel,AfD/Petry,negative,LN
1005753316083630085,Sahra Wagenknecht,Die Linke,positive,TFNLN
1012236157667733504,Alice Weidel,AfD/Petry,negative,LN
1014563147829661699,Alice Weidel,AfD/Petry,positive,TFNLN
1017036140006793216,Alice Weidel,AfD/Petry,neither,TLN
1004858593668104193,Alice Weidel,AfD/Petry,positive,TLN
1009779133411446786,Alice Weidel,AfD/Petry,neither,TLN
1007717687215128577,Alice Weidel,AfD/Petry,negative,TLN
1004982131653730304,Alice Weidel,AfD/Petry,positive,TFNLN
1005230415471370240,Alice Weidel,AfD/Petry,positive,TFNLN
1010891921835921408,Alice Weidel,AfD/Petry,neither,FNLN
1014410240723259392,Alice Weidel,AfD/Petry,positive,TFNLN
1004695452447657984,Sahra Wagenknecht,Die Linke,positive,LN
1013016022151061504,Jörg Meuthen,AfD/Petry,positive,TLN
1006581429294247936,Alice Weidel,AfD/Petry,negative,TLN
1013391335167004674,Alice Weidel,AfD/Petry,negative,LN
1012584121208594433,Alice Weidel,AfD/Petry,neither,LN
1007712155263791104,Alice Weidel,AfD/Petry,negative,TLN
1006078770686644224,Alice Weidel,AfD/Petry,negative,TLN
1004318464947970049,Alice Weidel,AfD/Petry,positive,FNLN
1019705913488355328,Alice Weidel,AfD/Petry,negative,FNLN
1008000922390286336,Alice Weidel,AfD/Petry,negative,LN
1005457938817978368,Gregor Gysi,Die Linke,positive,TLN
1006177273643458560,Alice Weidel,AfD/Petry,negative,LN
1004995786491531264,Alice Weidel,AfD/Petry,negative,LN
1004247164472750080,Alice Weidel,AfD/Petry,positive,FNLN
1005781940803211264,Sahra Wagenknecht,Die Linke,neither,LN
1012619013669769217,Alice Weidel,AfD/Petry,positive,TLN
1006593646043521024,Jörg Meuthen,AfD/Petry,positive,TLN
1013057037440307201,Jörg Meuthen,AfD/Petry,positive,TFNLN
1017489412173844480,Alice Weidel,AfD/Petry,positive,TLN
1010628403421171712,Alice Weidel,AfD/Petry,negative,FNLN
1015622559575003143,Robert Habeck,Bündnis 90/Die Grünen,negative,TLN
1014494122546212865,Alice Weidel,AfD/Petry,negative,TLN
1016750449452572672,Alice Weidel,AfD/Petry,neither,TFNLN
1004857220323074049,Alice Weidel,AfD/Petry,positive,TLN
1005914421074579458,Alice Weidel,AfD/Petry,negative,LN
1007818204524302339,Alice Weidel,AfD/Petry,positive,FNLN
1014597364143751168,Alice Weidel,AfD/Petry,positive,TLN
1004843129214853120,Alice Weidel,AfD/Petry,negative,TLN
1013761335069470721,Alice Weidel,AfD/Petry,negative,LN
1018947195993812998,Alice Weidel,AfD/Petry,negative,LN
1013309550080950272,Alice Weidel,AfD/Petry,negative,LN
1009459777380872194,Jörg Meuthen,AfD/Petry,neither,TFNLN
1014846691021852673,Alice Weidel,AfD/Petry,positive,TFNLN
1018415896396640261,Alice Weidel,AfD/Petry,negative,LN
1016685918093234176,Alice Weidel,AfD/Petry,neither,TFNLN
1005099024272248832,Alice Weidel,AfD/Petry,positive,TLN
1018505038682083328,Alice Weidel,AfD/Petry,negative,TLN
1013309930022080512,Jörg Meuthen,AfD/Petry,negative,LN
1011660051151454210,Alice Weidel,AfD/Petry,neither,FNLN
1005092540100554753,Alice Weidel,AfD/Petry,positive,TLN
1007595623250628612,Alice Weidel,AfD/Petry,negative,FNLN
1014425490071998464,Alice Weidel,AfD/Petry,negative,TLN
1014164644754350081,Jörg Meuthen,AfD/Petry,positive,TLN
1013010069418598400,Jörg Meuthen,AfD/Petry,negative,LN
1005752660971130880,Alice Weidel,AfD/Petry,positive,TFNLN
1004985912609173504,Alice Weidel,AfD/Petry,negative,TFNLN
1014559685909864449,Alice Weidel,AfD/Petry,neither,TFNLN
1009814796735340544,Alice Weidel,AfD/Petry,negative,TLN
1014482030044819456,Alice Weidel,AfD/Petry,negative,LN
1007183460061077505,Alice Weidel,AfD/Petry,negative,LN
1009095487604117504,Alice Weidel,AfD/Petry,negative,TLN
1011715705677500417,Alice Weidel,AfD/Petry,positive,FNLN
1009476961654145026,Jörg Meuthen,AfD/Petry,positive,TLN
1014975676145946624,Alice Weidel,AfD/Petry,negative,TLN
1004467870250799104,Simone Peter,Bündnis 90/Die Grünen,negative,LN
1018884825204383744,Jörg Meuthen,AfD/Petry,negative,LN
1010911580928856064,Alice Weidel,AfD/Petry,negative,TLN
1012681251722055680,Alice Weidel,AfD/Petry,negative,TLN
1011296655734386692,Alice Weidel,AfD/Petry,negative,TLN
1005062481780277249,Alice Weidel,AfD/Petry,negative,TLN
1009499248986075138,Alice Weidel,AfD/Petry,negative,LN
1014187226685739009,Jörg Meuthen,AfD/Petry,negative,LN
1012223535379615744,Jörg Meuthen,AfD/Petry,positive,TFNLN
1003604592817573888,Alice Weidel,AfD/Petry,negative,LN
1013919610838638592,Alice Weidel,AfD/Petry,negative,LN
1004970681044557824,Sahra Wagenknecht,Die Linke,negative,LN
1007852399220936705,Frauke Petry,AfD/Petry,positive,TFNLN
1018210680137224193,Alice Weidel,AfD/Petry,negative,TFNLN
1005795128013975552,Alice Weidel,AfD/Petry,negative,TLN
1007306382381584385,Jörg Meuthen,AfD/Petry,neither,TFNLN
1006499702546759680,Jörg Meuthen,AfD/Petry,negative,LN
1012043621892329472,Alice Weidel,AfD/Petry,negative,LN
1004753370031230977,Frauke Petry,AfD/Petry,neither,TFNLN
1014435362255630338,Alice Weidel,AfD/Petry,positive,TFNLN
1012236451298324481,Jörg Meuthen,AfD/Petry,negative,TLN
1006555239594459137,Jörg Meuthen,AfD/Petry,positive,TFNLN
1016794457650466821,Alice Weidel,AfD/Petry,positive,TLN
1019224141998813184,Jörg Meuthen,AfD/Petry,neither,TFNLN
1006882684776407040,Alice Weidel,AfD/Petry,negative,LN
1015259744175624193,Alice Weidel,AfD/Petry,negative,TLN
1005747169402458113,Sahra Wagenknecht,Die Linke,positive,LN
1013316195800543232,Jörg Meuthen,AfD/Petry,negative,LN
1008742880750469121,Alice Weidel,AfD/Petry,negative,TLN
1006579420335919104,Alice Weidel,AfD/Petry,neither,FNLN
1011244265983348736,Alice Weidel,AfD/Petry,negative,LN
1011265751037116416,Alice Weidel,AfD/Petry,neither,FNLN
1014452420628418561,Alice Weidel,AfD/Petry,positive,TLN
1013759048070651904,Alice Weidel,AfD/Petry,negative,LN
1014492396946710528,Alice Weidel,AfD/Petry,positive,FNLN
1004084348704960513,Alice Weidel,AfD/Petry,negative,TFNLN
1010379302872010752,Jörg Meuthen,AfD/Petry,neither,TLN
1007757261316423680,Alice Weidel,AfD/Petry,positive,TLN
1014561690661384192,Alice Weidel,AfD/Petry,positive,TFNLN
1006850267780993024,Alice Weidel,AfD/Petry,positive,FNLN
1019259857151643653,Alice Weidel,AfD/Petry,negative,TLN
1015322165049200640,Dietmar Bartsch,Die Linke,neither,TFNLN
1018287154106130432,Alice Weidel,AfD/Petry,negative,TLN
1011377189068181504,Jörg Meuthen,AfD/Petry,negative,TFNLN
1008984112160559104,Alice Weidel,AfD/Petry,negative,LN
1016774372479111168,Alice Weidel,AfD/Petry,negative,TLN
1009673014953246723,Alice Weidel,AfD/Petry,positive,LN
1017133824176721921,Alice Weidel,AfD/Petry,neither,LN
1003910877727346688,Alice Weidel,AfD/Petry,positive,FNLN
1019250894305742848,Alice Weidel,AfD/Petry,positive,TFNLN
1007355873021186048,Jörg Meuthen,AfD/Petry,neither,TFNLN
1010544461024256000,Jörg Meuthen,AfD/Petry,negative,TLN
1010803376571977728,Alice Weidel,AfD/Petry,negative,LN
1003590506780286976,Alice Weidel,AfD/Petry,negative,FNLN
1004815513665572864,Alice Weidel,AfD/Petry,positive,LN
1019685749409673216,Alice Weidel,AfD/Petry,negative,LN
1014083134151938050,Sahra Wagenknecht,Die Linke,positive,LN
1008634522857066496,Alice Weidel,AfD/Petry,negative,FNLN
1014932802574475266,Jörg Meuthen,AfD/Petry,positive,TFNLN
1012219405764300800,Jörg Meuthen,AfD/Petry,negative,TLN
1019510239815766016,Alice Weidel,AfD/Petry,neither,TLN
1014464376651304961,Alice Weidel,AfD/Petry,negative,LN
1006953606120136704,Alice Weidel,AfD/Petry,negative,LN
1005876997845913601,Alice Weidel,AfD/Petry,neither,FNLN
1017819655690510336,Sahra Wagenknecht,Die Linke,positive,FNLN
1009440848747036673,Alice Weidel,AfD/Petry,positive,LN
1015977947705102336,Jörg Meuthen,AfD/Petry,negative,LN
1015885350143741952,Jörg Meuthen,AfD/Petry,neither,TFNLN
1014066520954228736,Anton Hofreiter,Bündnis 90/Die Grünen,negative,LN
1016610466292957184,Alice Weidel,AfD/Petry,neither,TLN
1009070783900082177,Alice Weidel,AfD/Petry,negative,FNLN
1009155645516500992,Robert Habeck,Bündnis 90/Die Grünen,neither,LN
1006093875109384193,Jörg Meuthen,AfD/Petry,neither,TFNLN
1010861031659327489,Alice Weidel,AfD/Petry,negative,TLN
1010772007032688640,Jörg Meuthen,AfD/Petry,negative,TLN
1008329525904756737,Jörg Meuthen,AfD/Petry,positive,TFNLN
1005794174191456257,Gregor Gysi,Die Linke,positive,LN
1009404192342134790,Alice Weidel,AfD/Petry,positive,TFNLN
1017491303423250433,Alice Weidel,AfD/Petry,negative,LN
1007443865618526208,Jörg Meuthen,AfD/Petry,positive,TFNLN
1008443328512262146,Alice Weidel,AfD/Petry,neither,TLN
1011293668421062657,Jörg Meuthen,AfD/Petry,positive,LN
1017334990097481728,Jörg Meuthen,AfD/Petry,negative,LN
1005333995352219648,Alice Weidel,AfD/Petry,positive,TFNLN
1010218268991410176,Alice Weidel,AfD/Petry,negative,TLN
1009108867056373761,Alice Weidel,AfD/Petry,negative,TLN
1015655224512479237,Alice Weidel,AfD/Petry,negative,TLN
1007483352167804928,Jörg Meuthen,AfD/Petry,positive,TFNLN
1014850966204616704,Jörg Meuthen,AfD/Petry,positive,TLN
1018224964468727813,Alice Weidel,AfD/Petry,negative,LN
1015587119371374597,Alice Weidel,AfD/Petry,positive,TFNLN
1005016961988915200,Alice Weidel,AfD/Petry,positive,FNLN
1014441544626200576,Robert Habeck,Bündnis 90/Die Grünen,negative,LN
1005443960100225024,Gregor Gysi,Die Linke,neither,LN
1016623146328363009,Alice Weidel,AfD/Petry,neither,LN
1012056252514557952,Jörg Meuthen,AfD/Petry,neither,LN
1012366469433319424,Alice Weidel,AfD/Petry,positive,TFNLN
1006767920792375297,Alice Weidel,AfD/Petry,neither,LN
1016288358631428097,Alice Weidel,AfD/Petry,negative,TLN
1006913365149716481,Alice Weidel,AfD/Petry,positive,TFNLN
1005473637913300992,Alice Weidel,AfD/Petry,negative,LN
1014108816106033152,Alice Weidel,AfD/Petry,positive,LN
1010971294035267584,Alice Weidel,AfD/Petry,negative,LN
1006423131953795073,Alice Weidel,AfD/Petry,negative,LN
1009636688157724672,Jörg Meuthen,AfD/Petry,neither,LN
1009395218666475520,Jörg Meuthen,AfD/Petry,neither,LN
1007483369297285120,Jörg Meuthen,AfD/Petry,positive,TFNLN
1008795204818792448,Alice Weidel,AfD/Petry,negative,FNLN
1012013452481703937,Alice Weidel,AfD/Petry,negative,TLN
1018380513508249600,Robert Habeck,Bündnis 90/Die Grünen,negative,LN
1018896114756521984,Jörg Meuthen,AfD/Petry,negative,LN
1004830789811490817,Alice Weidel,AfD/Petry,positive,TLN
1008414733521825792,Jörg Meuthen,AfD/Petry,negative,TLN
1013030872335781888,Jörg Meuthen,AfD/Petry,neither,FNLN
1006890487360507905,Alice Weidel,AfD/Petry,negative,LN
1018604831311908865,Alice Weidel,AfD/Petry,neither,TLN
1017796463315836929,Jörg Meuthen,AfD/Petry,negative,LN
1017718521139212288,Alice Weidel,AfD/Petry,negative,LN
1011424696737386496,Jörg Meuthen,AfD/Petry,positive,TFNLN
1015108412970061824,Alice Weidel,AfD/Petry,positive,TLN
1018079504370229248,Alice Weidel,AfD/Petry,positive,TLN
1012457204593590274,Sahra Wagenknecht,Die Linke,positive,TFNLN
1010857119942397958,Alice Weidel,AfD/Petry,negative,TLN
1016770823993090050,Jörg Meuthen,AfD/Petry,positive,TFNLN
1009554169273843712,Alice Weidel,AfD/Petry,negative,TLN
1013408750718341122,Jörg Meuthen,AfD/Petry,negative,LN
1013464794291167240,Jörg Meuthen,AfD/Petry,neither,LN
1014643676318978048,Alice Weidel,AfD/Petry,positive,LN
1005179365922164737,Alice Weidel,AfD/Petry,negative,TLN
1006926951435694080,Dietmar Bartsch,Die Linke,positive,TFNLN
1013339634674397184,Jörg Meuthen,AfD/Petry,neither,FNLN
1006924269610299392,Alice Weidel,AfD/Petry,negative,LN
1019229661522464770,Jörg Meuthen,AfD/Petry,positive,TFNLN
1006558941218836480,Jörg Meuthen,AfD/Petry,positive,FNLN
1014836865847975936,Jörg Meuthen,AfD/Petry,negative,TLN
1013416279070461952,Alice Weidel,AfD/Petry,positive,LN
1017111304539164676,Alice Weidel,AfD/Petry,negative,TLN
1013658471928082432,Jörg Meuthen,AfD/Petry,negative,TLN
1014407762703519744,Alice Weidel,AfD/Petry,positive,FNLN
1013012465557409792,Jörg Meuthen,AfD/Petry,neither,TLN
1004875091656740865,Alice Weidel,AfD/Petry,negative,LN
1008646581103529984,Alice Weidel,AfD/Petry,negative,LN
1005140891298942976,Alice Weidel,AfD/Petry,negative,LN
1014453446651588608,Anton Hofreiter,Bündnis 90/Die Grünen,neither,TFNLN
1013886274464370688,Alice Weidel,AfD/Petry,positive,TFNLN
1010235864591585280,Alice Weidel,AfD/Petry,negative,LN
1004994294883799040,Jörg Meuthen,AfD/Petry,negative,LN
1011526441534705664,Alice Weidel,AfD/Petry,negative,LN
1018163814125264896,Alice Weidel,AfD/Petry,neither,LN
1007377467483611138,Alice Weidel,AfD/Petry,positive,TFNLN
1006596166929321991,Alice Weidel,AfD/Petry,positive,TFNLN
1014445251598192641,Jörg Meuthen,AfD/Petry,neither,TFNLN
1013847602125852672,Alice Weidel,AfD/Petry,positive,LN
1005088994856783877,Alice Weidel,AfD/Petry,negative,FNLN
1018066070077427712,Dietmar Bartsch,Die Linke,neither,LN
1015968158262415366,Alice Weidel,AfD/Petry,positive,TLN
1013782928088879110,Alice Weidel,AfD/Petry,negative,TLN
1015269429398114304,Alice Weidel,AfD/Petry,negative,TLN
1007158563486273536,Alice Weidel,AfD/Petry,negative,LN
1012297051051307010,Jörg Meuthen,AfD/Petry,negative,TLN
1013546230658621440,Alice Weidel,AfD/Petry,negative,TLN
1013105149127127040,Alice Weidel,AfD/Petry,positive,TLN
1007882584272097280,Jörg Meuthen,AfD/Petry,positive,TLN
1014281382703529985,Alice Weidel,AfD/Petry,negative,TLN
1011507482966020096,Alice Weidel,AfD/Petry,negative,LN
1004828878949568512,Jörg Meuthen,AfD/Petry,positive,TLN
1017023616238653440,Alice Weidel,AfD/Petry,neither,TFNLN
1013164746189803521,Jörg Meuthen,AfD/Petry,negative,LN
1015610266900467712,Alice Weidel,AfD/Petry,negative,LN
1014416908316180480,Alice Weidel,AfD/Petry,positive,FNLN
1012763677290790912,Sahra Wagenknecht,Die Linke,positive,TFNLN
1005726394314379264,Jörg Meuthen,AfD/Petry,negative,TFNLN
1018263994686234624,Alice Weidel,AfD/Petry,positive,TFNLN
1003708728032493569,Jörg Meuthen,AfD/Petry,positive,TFNLN
1010241087670190084,Alice Weidel,AfD/Petry,negative,TLN
1009502013061763072,Alice Weidel,AfD/Petry,negative,LN
1016720598918225920,Alice Weidel,AfD/Petry,neither,LN
1016038480013557761,Frauke Petry,AfD/Petry,neither,TFNLN
1006090500858933248,Gregor Gysi,Die Linke,neither,TFNLN
1010734168035266561,Alice Weidel,AfD/Petry,negative,LN
1014434055151026178,Alice Weidel,AfD/Petry,positive,FNLN
1017861023557144576,Alice Weidel,AfD/Petry,negative,LN
1013118029901783042,Alice Weidel,AfD/Petry,positive,TLN
1011316838301622273,Alice Weidel,AfD/Petry,negative,TLN
1015216948504907777,Alice Weidel,AfD/Petry,positive,TLN
1011483808254906368,Alice Weidel,AfD/Petry,positive,TFNLN
1014814143973613570,Alice Weidel,AfD/Petry,negative,LN
1006459336565108737,Sahra Wagenknecht,Die Linke,neither,LN
1014822195917410304,Anton Hofreiter,Bündnis 90/Die Grünen,negative,TFNLN
1013687625331429376,Alice Weidel,AfD/Petry,negative,TLN
1003955914704121861,Alice Weidel,AfD/Petry,positive,LN
1019566564620886017,Alice Weidel,AfD/Petry,negative,TLN
1015282056492933123,Jörg Meuthen,AfD/Petry,negative,LN
1005836388292612097,Alice Weidel,AfD/Petry,negative,LN
1009030258966835200,Alice Weidel,AfD/Petry,neither,LN
1014434195840688130,Alice Weidel,AfD/Petry,positive,LN
1017854026128482307,Alice Weidel,AfD/Petry,negative,LN
1009939648083320832,Alice Weidel,AfD/Petry,negative,FNLN
1014607223106961408,Alice Weidel,AfD/Petry,positive,TLN
1014897710732898305,Alice Weidel,AfD/Petry,positive,TLN
1005110202440577024,Alice Weidel,AfD/Petry,neither,LN
1012223749800779776,Jörg Meuthen,AfD/Petry,positive,LN
1009002671066550272,Alice Weidel,AfD/Petry,negative,FNLN
1011486810143449088,Alice Weidel,AfD/Petry,negative,TLN
1014208755213504513,Alice Weidel,AfD/Petry,negative,LN
1006500256039698432,Alice Weidel,AfD/Petry,neither,TFNLN
1013917350683467779,Sahra Wagenknecht,Die Linke,neither,TFNLN
1013816405526040576,Alice Weidel,AfD/Petry,positive,TLN
1014841850505715712,Alice Weidel,AfD/Petry,negative,LN
1007534865678503939,Alice Weidel,AfD/Petry,negative,TLN
1016815990179549186,Alice Weidel,AfD/Petry,negative,TLN
1006622098549362688,Alice Weidel,AfD/Petry,positive,FNLN
1013141410080575488,Alice Weidel,AfD/Petry,neither,FNLN
1016346014997983232,Alice Weidel,AfD/Petry,negative,LN
1006115877010501633,Alice Weidel,AfD/Petry,negative,LN
1015226420224778242,Alice Weidel,AfD/Petry,negative,LN
1009771847364292608,Jörg Meuthen,AfD/Petry,negative,LN
1013906463973093377,Alice Weidel,AfD/Petry,negative,TLN
1006948388414394368,Alice Weidel,AfD/Petry,positive,TFNLN
1004984491386068992,Alice Weidel,AfD/Petry,positive,TLN
1011293315382292486,Alice Weidel,AfD/Petry,negative,TLN
1004853332928815104,Alice Weidel,AfD/Petry,positive,TFNLN
1007310650404737029,Alice Weidel,AfD/Petry,positive,TFNLN
1017250118205132801,Alice Weidel,AfD/Petry,positive,TFNLN
1004812435960815619,Alice Weidel,AfD/Petry,positive,TLN
1010793425342488577,Jörg Meuthen,AfD/Petry,negative,TLN
1011442673599877121,Alice Weidel,AfD/Petry,neither,TFNLN
1004899851975495680,Frauke Petry,AfD/Petry,neither,FNLN
1003981717231800320,Alice Weidel,AfD/Petry,positive,LN
1003649997114630144,Alice Weidel,AfD/Petry,positive,LN
1012347280622571520,Anton Hofreiter,Bündnis 90/Die Grünen,negative,FNLN
1016059302736429056,Alice Weidel,AfD/Petry,negative,TLN
1005040182729564161,Alice Weidel,AfD/Petry,positive,TFNLN
1011321672119521280,Alice Weidel,AfD/Petry,negative,LN
1008690033019293701,Alice Weidel,AfD/Petry,negative,TFNLN
1011479252305408002,Alice Weidel,AfD/Petry,negative,TLN
1006868040628277249,Alice Weidel,AfD/Petry,neither,FNLN
1005180412228984832,Sahra Wagenknecht,Die Linke,negative,LN
1011968651543699458,Jörg Meuthen,AfD/Petry,neither,TFNLN
1003604047369261057,Alice Weidel,AfD/Petry,positive,LN
1004783121131364354,Frauke Petry,AfD/Petry,positive,FNLN
1014041000610852865,Jörg Meuthen,AfD/Petry,positive,TFNLN
1010599254660927489,Jörg Meuthen,AfD/Petry,negative,LN
1012375439040483328,Alice Weidel,AfD/Petry,negative,TLN
1013118859962994689,Jörg Meuthen,AfD/Petry,positive,LN
1016215562706440192,Alice Weidel,AfD/Petry,neither,LN
1010582476601905157,Frauke Petry,AfD/Petry,neither,FNLN
1005901194697629696,Alice Weidel,AfD/Petry,negative,LN
1005817437160398850,Sahra Wagenknecht,Die Linke,neither,FNLN
1013044337775644672,Alice Weidel,AfD/Petry,positive,TLN
1013161291492491264,Alice Weidel,AfD/Petry,neither,TFNLN
1013810354047148032,Alice Weidel,AfD/Petry,positive,TLN
1006200994164854784,Alice Weidel,AfD/Petry,negative,TLN
1009030800539574278,Alice Weidel,AfD/Petry,negative,FNLN
1005767061551935488,Jörg Meuthen,AfD/Petry,neither,LN
1005014690987233281,Alice Weidel,AfD/Petry,positive,TLN
1018035673989877760,Alice Weidel,AfD/Petry,positive,TFNLN
1015111297422319617,Jörg Meuthen,AfD/Petry,negative,TLN
1005115895398756353,Alice Weidel,AfD/Petry,negative,FNLN
1014079684257165312,Anton Hofreiter,Bündnis 90/Die Grünen,negative,TLN
1005375925905747968,Alice Weidel,AfD/Petry,negative,FNLN
1013016476163428353,Jörg Meuthen,AfD/Petry,positive,FNLN
1005081849708806144,Alice Weidel,AfD/Petry,positive,TLN
1007621472377098242,Alice Weidel,AfD/Petry,positive,TFNLN
1017076371967930368,Alice Weidel,AfD/Petry,negative,TLN
1003683605384695809,Alice Weidel,AfD/Petry,positive,LN
1009877498660904961,Alice Weidel,AfD/Petry,negative,TLN
1005090708695474177,Frauke Petry,AfD/Petry,neither,LN
1011594894077583361,Alice Weidel,AfD/Petry,negative,FNLN
1005137847739912192,Sahra Wagenknecht,Die Linke,positive,LN
1017769626447548419,Alice Weidel,AfD/Petry,negative,FNLN
1017788538614624257,Alice Weidel,AfD/Petry,negative,LN
1014841216284921857,Jörg Meuthen,AfD/Petry,negative,FNLN
1019632446235607041,Anton Hofreiter,Bündnis 90/Die Grünen,positive,FNLN
1006199521607671809,Alice Weidel,AfD/Petry,positive,TLN
1018391366110507008,Jörg Meuthen,AfD/Petry,positive,TLN
1008980175596523520,Alice Weidel,AfD/Petry,negative,TFNLN
1009808763556114433,Alice Weidel,AfD/Petry,negative,TLN
1004802467048099840,Alice Weidel,AfD/Petry,positive,TLN
1018857410935558144,Jörg Meuthen,AfD/Petry,negative,LN
1008866230932066305,Alice Weidel,AfD/Petry,negative,TLN
1006742029500583936,Alice Weidel,AfD/Petry,positive,TLN
1018878475304865793,Alice Weidel,AfD/Petry,positive,TLN
1003725214168109056,Alice Weidel,AfD/Petry,negative,FNLN
1006597733564735488,Alice Weidel,AfD/Petry,positive,TFNLN
1003943979514253313,Jörg Meuthen,AfD/Petry,positive,TFNLN
1014454660906799104,Alice Weidel,AfD/Petry,positive,TFNLN
1004990598477221888,Alice Weidel,AfD/Petry,negative,LN
1016288036408184833,Robert Habeck,Bündnis 90/Die Grünen,positive,TFNLN
1009483007722446848,Alice Weidel,AfD/Petry,negative,TLN
1016615746502316032,Alice Weidel,AfD/Petry,negative,LN
1018406745222340608,Jörg Meuthen,AfD/Petry,positive,LN
1008846987339264000,Alice Weidel,AfD/Petry,positive,TLN
1009194724232744961,Alice Weidel,AfD/Petry,positive,TLN
1013316571295559680,Frauke Petry,AfD/Petry,neither,FNLN
1004735109159968773,Alice Weidel,AfD/Petry,negative,LN
1016046776707633153,Alice Weidel,AfD/Petry,positive,TFNLN
1016941340649775104,Jörg Meuthen,AfD/Petry,positive,TFNLN
1006538215933861888,Alice Weidel,AfD/Petry,positive,LN
1015858773880172544,Alice Weidel,AfD/Petry,positive,TFNLN
1013464328333414400,Alice Weidel,AfD/Petry,positive,TFNLN
1004078924530376707,Alice Weidel,AfD/Petry,positive,LN
1010503739285917696,Alice Weidel,AfD/Petry,negative,LN
1016283144541102081,Alice Weidel,AfD/Petry,positive,TFNLN
1011902047682203648,Jörg Meuthen,AfD/Petry,neither,TFNLN
1013008150973304832,Alice Weidel,AfD/Petry,negative,LN
1006534355420884992,Alice Weidel,AfD/Petry,negative,TLN
1017332895692836864,Jörg Meuthen,AfD/Petry,positive,TFNLN
1014574489034743808,Jörg Meuthen,AfD/Petry,positive,TFNLN
1005063337271492608,Alice Weidel,AfD/Petry,negative,TLN
1006556779319382016,Alice Weidel,AfD/Petry,positive,LN
1007390937310474241,Jörg Meuthen,AfD/Petry,positive,TFNLN
1005139254597636102,Jörg Meuthen,AfD/Petry,neither,TFNLN
1012905782218838017,Gregor Gysi,Die Linke,neither,FNLN
1008392798511550464,Alice Weidel,AfD/Petry,positive,TFNLN
1004382838395940864,Alice Weidel,AfD/Petry,neither,TFNLN
1011239566672564225,Sahra Wagenknecht,Die Linke,negative,LN
1003661866927869953,Alice Weidel,AfD/Petry,negative,LN
1018250381594415105,Alice Weidel,AfD/Petry,negative,TLN
1009868051607687168,Jörg Meuthen,AfD/Petry,neither,TFNLN
1013007369842896896,Jörg Meuthen,AfD/Petry,negative,LN
1018613662448324608,Alice Weidel,AfD/Petry,negative,LN
1016720243593547779,Alice Weidel,AfD/Petry,positive,TFNLN
1005473948581195776,Jörg Meuthen,AfD/Petry,negative,LN
1009011709980368897,Alice Weidel,AfD/Petry,neither,FNLN
1004824624553750529,Alice Weidel,AfD/Petry,positive,LN
1009876891250012161,Alice Weidel,AfD/Petry,positive,LN
1005096198196297729,Alice Weidel,AfD/Petry,positive,TLN
1013168423604510721,Jörg Meuthen,AfD/Petry,negative,LN
1010441536780292101,Jörg Meuthen,AfD/Petry,neither,LN
1013066647748390912,Alice Weidel,AfD/Petry,negative,LN
1019506957940674561,Robert Habeck,Bündnis 90/Die Grünen,positive,LN
1005801180121923584,Jörg Meuthen,AfD/Petry,positive,TLN
1004496555393585152,Alice Weidel,AfD/Petry,negative,TLN
1018826567999479808,Alice Weidel,AfD/Petry,negative,LN
1017848729846583296,Jörg Meuthen,AfD/Petry,positive,TFNLN
1019515435149135874,Alice Weidel,AfD/Petry,negative,TLN
1016724175069896704,Jörg Meuthen,AfD/Petry,neither,LN
1014285872601223168,Jörg Meuthen,AfD/Petry,negative,LN
1012552814160162816,Robert Habeck,Bündnis 90/Die Grünen,negative,LN
1013131960007393280,Alice Weidel,AfD/Petry,negative,TFNLN
1007544909262401538,Alice Weidel,AfD/Petry,negative,LN
